insert into MOVIE (ID, DURATION_IN_SECONDS, GENRE, LANGUAGE, NAME) values ('MV1', 12000, 1, 1, 'KGF' );
insert into MOVIE (ID, DURATION_IN_SECONDS, GENRE, LANGUAGE, NAME) values ('MV2', 12000, 1, 1, 'K3G' );
 insert into THEATRE_LOCATION (ID, CITY, CTRY) values ('TL1', 'PUNE', 'INDIA');
insert into THEATRE(ID, CHANNEL, NAME, THEATRE_LOCATION_ID) values ('TR1', 'BMS', 'Theatre 1', 'TL1');
insert into THEATRE(ID, CHANNEL, NAME, THEATRE_LOCATION_ID) values ('TR2', 'BMS', 'Theatre 2', 'TL1');
insert into SCREEN (ID, NAME, THEATRE_ID) values ('SCR1', 'Screen 1', 'TR1');
insert into SCREEN (ID, NAME, THEATRE_ID) values ('SCR2', 'Screen 1', 'TR2');
insert into SEAT(ID, ROW_NO, SEAT_NO, STATUS, SCREEN_ID) values ('TR1-SCR1-1',1,1,'AVAILABLE', 'SCR1');
insert into SEAT(ID, ROW_NO, SEAT_NO, STATUS, SCREEN_ID) values ('TR1-SCR1-2',1,2,'AVAILABLE', 'SCR1');
insert into SEAT(ID, ROW_NO, SEAT_NO, STATUS, SCREEN_ID) values ('TR1-SCR1-3',1,3,'AVAILABLE', 'SCR1');
insert into SEAT(ID, ROW_NO, SEAT_NO, STATUS, SCREEN_ID) values ('TR1-SCR1-4',1,4,'AVAILABLE', 'SCR1');
insert into SEAT(ID, ROW_NO, SEAT_NO, STATUS, SCREEN_ID) values ('TR1-SCR1-5',1,5,'AVAILABLE', 'SCR1');
insert into SEAT(ID, ROW_NO, SEAT_NO, STATUS, SCREEN_ID) values ('TR1-SCR1-6',2,1,'AVAILABLE', 'SCR1');
insert into SEAT(ID, ROW_NO, SEAT_NO, STATUS, SCREEN_ID) values ('TR1-SCR1-7',2,2,'AVAILABLE', 'SCR1');
insert into SEAT(ID, ROW_NO, SEAT_NO, STATUS, SCREEN_ID) values ('TR1-SCR1-8',2,3,'AVAILABLE', 'SCR1');
insert into SEAT(ID, ROW_NO, SEAT_NO, STATUS, SCREEN_ID) values ('TR1-SCR1-9',2,4,'AVAILABLE', 'SCR1');
insert into SEAT(ID, ROW_NO, SEAT_NO, STATUS, SCREEN_ID) values ('TR1-SCR1-10',2,5,'AVAILABLE', 'SCR1');
insert into SEAT(ID, ROW_NO, SEAT_NO, STATUS, SCREEN_ID) values ('TR2-SCR2-1',1,1,'AVAILABLE', 'SCR2');
insert into SEAT(ID, ROW_NO, SEAT_NO, STATUS, SCREEN_ID) values ('TR2-SCR2-2',1,2,'AVAILABLE', 'SCR2');
insert into SEAT(ID, ROW_NO, SEAT_NO, STATUS, SCREEN_ID) values ('TR2-SCR2-3',1,3,'AVAILABLE', 'SCR2');
insert into SEAT(ID, ROW_NO, SEAT_NO, STATUS, SCREEN_ID) values ('TR2-SCR2-4',1,4,'AVAILABLE', 'SCR2');
insert into SEAT(ID, ROW_NO, SEAT_NO, STATUS, SCREEN_ID) values ('TR2-SCR2-5',1,5,'AVAILABLE', 'SCR2');
insert into SEAT(ID, ROW_NO, SEAT_NO, STATUS, SCREEN_ID) values ('TR2-SCR2-6',2,1,'AVAILABLE', 'SCR2');
insert into SEAT(ID, ROW_NO, SEAT_NO, STATUS, SCREEN_ID) values ('TR2-SCR2-7',2,2,'AVAILABLE', 'SCR2');
insert into SEAT(ID, ROW_NO, SEAT_NO, STATUS, SCREEN_ID) values ('TR2-SCR2-8',2,3,'AVAILABLE', 'SCR2');
insert into SEAT(ID, ROW_NO, SEAT_NO, STATUS, SCREEN_ID) values ('TR2-SCR2-9',2,4,'AVAILABLE', 'SCR2');
insert into SEAT(ID, ROW_NO, SEAT_NO, STATUS, SCREEN_ID) values ('TR2-SCR2-10',2,5,'AVAILABLE', 'SCR2');
insert into SHOW (ID, CITY,DURATION_IN_SECONDS,START_TIME,MOVIE_ID, SCREEN_ID) VALUES ('SH1', 'PUNE', 1234,TIMESTAMP '2022-09-15 18:00:00.000','MV1','SCR1');
insert into SHOW (ID, CITY,DURATION_IN_SECONDS,START_TIME,MOVIE_ID, SCREEN_ID) VALUES ('SH2', 'PUNE', 1234,TIMESTAMP '2022-09-15 18:00:00.000','MV2','SCR2');
insert into SHOW (ID, CITY,DURATION_IN_SECONDS,START_TIME,MOVIE_ID, SCREEN_ID) VALUES ('SH3', 'PUNE', 1234,TIMESTAMP '2022-09-15 21:00:00.000','MV1','SCR1');
insert into SHOW (ID, CITY,DURATION_IN_SECONDS,START_TIME,MOVIE_ID, SCREEN_ID) VALUES ('SH4', 'PUNE', 1234,TIMESTAMP '2022-09-15 21:00:00.000','MV2','SCR2');
insert into SHOW (ID, CITY,DURATION_IN_SECONDS,START_TIME,MOVIE_ID, SCREEN_ID) VALUES ('SH5', 'PUNE', 1234,TIMESTAMP '2022-09-15 15:00:00.000','MV1','SCR1');
insert into SHOW (ID, CITY,DURATION_IN_SECONDS,START_TIME,MOVIE_ID, SCREEN_ID) VALUES ('SH6', 'PUNE', 1234,TIMESTAMP '2022-09-15 15:00:00.000','MV2','SCR2');